{
    "svnMetadata": null,
    "userMetadata": {
        "userName": "dukumar",
        "javaHome": "/export/apps/jdk/JDK-1_8_0_40/jre",
        "projectDir": "/home/dukumar/Downloads/hadoop-starter-kit_trunk/hello-pig-azkaban",
        "hostName": "dukumar-ld1",
        "platformName": "Linux",
        "dateText": "2018-06-02 22:18:15.812",
        "projectName": "hello-pig-azkaban",
        "javaVersion": "1.8.0_40"
    },
    "gitMetadata": {
        "commitMessage": "3aaed01 LIHADOOP-37085: Update Spark Dataset example in starter-kit to work on both Holdem and Faro",
        "gitStatus": [
            "M .gitignore",
            " M .reviewboardrc",
            " M README.md",
            " M acl/hello-dali-azkaban.acl",
            " M acl/main.acl",
            " M build.gradle",
            " M gradle.properties",
            " M hello-bangbang-azkaban/.crt",
            " M hello-bangbang-azkaban/.gitignore",
            " M hello-bangbang-azkaban/TEST_README.md",
            " M hello-bangbang-azkaban/build.gradle",
            " M hello-bangbang-azkaban/src/main/avro/EndorsementsEndorseEvent.avsc",
            " M hello-bangbang-azkaban/src/main/avro/MemberAccount.avsc",
            " M hello-bangbang-azkaban/src/main/avro/Profile.avsc",
            " M hello-bangbang-azkaban/src/main/avro/job/CountByCountryJob.avsc",
            " M hello-bangbang-azkaban/src/main/avro/job/CountByCountryPythonJob.avsc",
            " M hello-bangbang-azkaban/src/main/avro/job/MemberEventCountJob.avsc",
            " M hello-bangbang-azkaban/src/main/avro/job/PostalCodeJob.avsc",
            " M hello-bangbang-azkaban/src/main/avro/test/BadSchema.avsc",
            " M hello-bangbang-azkaban/src/main/bash/schemas.txt",
            " M hello-bangbang-azkaban/src/main/gradle/workflows.gradle",
            " M hello-bangbang-azkaban/src/main/pig/count_by_country.pig",
            " M hello-bangbang-azkaban/src/main/pig/count_by_country_python.pig",
            " M hello-bangbang-azkaban/src/main/pig/member_event_count.pig",
            " M hello-bangbang-azkaban/src/main/pig/verify_recommendations.pig",
            " M hello-bangbang-azkaban/src/main/profiles/annag.gradle",
            " M hello-bangbang-azkaban/src/main/python/capitalize.py",
            " M hello-bangbang-azkaban/src/test/java/com/linkedin/hello/bangbang/MemberEventCountPigTests.java",
            " M hello-bangbang-azkaban/src/test/java/com/linkedin/hello/bangbang/TestCountByCountry.java",
            " M hello-bangbang-azkaban/src/test/java/com/linkedin/hello/bangbang/TestCountByCountryPython.java",
            " M hello-bangbang-azkaban/src/test/java/com/linkedin/hello/bangbang/TestMemberEventCount.java",
            " M hello-bangbang-azkaban/src/test/java/com/linkedin/hello/bangbang/VerifyRecommendationsPigTests.java",
            " M hello-bangbang-azkaban/src/test/java/com/linkedin/hello/bangbang/helper/Constants.java",
            " M hello-bangbang-azkaban/src/test/java/com/linkedin/hello/bangbang/helper/SeedData.java",
            " M hello-cascading-azkaban/.crt",
            " M hello-cascading-azkaban/.gitignore",
            " M hello-cascading-azkaban/build.gradle",
            " M hello-cascading-azkaban/src/main/avro/Profile.avsc",
            " M hello-cascading-azkaban/src/main/gradle/workflows.gradle",
            " M hello-cascading-azkaban/src/main/java/com/linkedin/hello/cascading/CountByCountryCascadingJob.java",
            " M hello-cascading-azkaban/src/main/profiles/abain.gradle",
            " M hello-dali-azkaban/.crt",
            " M hello-dali-azkaban/.gitignore",
            " M hello-dali-azkaban/README.md",
            " M hello-dali-azkaban/build.gradle",
            " M hello-dali-azkaban/src/main/gradle/datamock.gradle",
            " M hello-dali-azkaban/src/main/gradle/workflows.gradle",
            " M hello-dali-azkaban/src/main/pig/profile_flattened.pig",
            " M hello-dali-azkaban/src/main/pig/tracking_pve.pig",
            " M hello-dali-azkaban/src/main/profiles/abain.gradle",
            " M hello-dali-azkaban/src/test/generated/java/com/linkedin/hello/dali/generated/TestProfileFlattened.java",
            " M hello-dali-azkaban/src/test/generated/java/com/linkedin/hello/dali/generated/TestTrackingPve.java",
            " M hello-dali-azkaban/src/test/generated/java/com/linkedin/hello/dali/generated/avro/profile_flattened/JobSummaries.java",
            " M hello-dali-azkaban/src/test/generated/java/com/linkedin/hello/dali/generated/avro/tracking_pve/Result.java",
            " M hello-dali-spark-azkaban/README.md",
            " M hello-hive-azkaban/.crt",
            " M hello-hive-azkaban/.gitignore",
            " M hello-hive-azkaban/build.gradle",
            " M hello-hive-azkaban/src/main/gradle/workflows.gradle",
            " M hello-hive-azkaban/src/main/hive/count_by_country.q",
            " M hello-hive-azkaban/src/main/profiles/abain.gradle",
            " M hello-hive-udf/build.gradle",
            " M hello-hive-udf/src/main/java/com/linkedin/hello/hive/udf/Capitalize.java",
            " M hello-java-azkaban/.crt",
            " M hello-java-azkaban/.gitignore",
            " M hello-java-azkaban/README.txt",
            " M hello-java-azkaban/build.gradle",
            " M hello-java-azkaban/src/main/gradle/workflows.gradle",
            " M hello-java-azkaban/src/main/java/com/linkedin/hello/world/HelloWorldJob.java",
            " M hello-java-azkaban/src/main/profiles/abain.gradle",
            " M hello-java-azkaban/src/main/resources/starter-kit-log.properties",
            " M hello-mapreduce-azkaban/.crt",
            " M hello-mapreduce-azkaban/.gitignore",
            " M hello-mapreduce-azkaban/build.gradle",
            " M hello-mapreduce-azkaban/src/main/gradle/workflows.gradle",
            " M hello-mapreduce-azkaban/src/main/java/com/linkedin/hello/mapreduce/CountByCountryJob.java",
            " M hello-mapreduce-azkaban/src/main/java/com/linkedin/hello/mapreduce/CountByCountryMapReduceJob.java",
            " M hello-mapreduce-azkaban/src/main/java/com/linkedin/hello/mapreduce/HadoopUtil.java",
            " M hello-mapreduce-azkaban/src/main/java/com/linkedin/hello/mapreduce/MemberEventCountJob.java",
            " M hello-mapreduce-azkaban/src/main/profiles/abain.gradle",
            " M hello-mapreduce-azkaban/src/test/java/com/linkedin/hello/mapreduce/minicluster/MapReduceClusterTestBase.java",
            " M hello-mapreduce-azkaban/src/test/java/com/linkedin/hello/mapreduce/minicluster/MemberEventCountJobTests.java",
            " M hello-pig-azkaban/.crt",
            " M hello-pig-azkaban/.gitignore",
            " M hello-pig-azkaban/TEST_README.md",
            " M hello-pig-azkaban/build.gradle",
            " M hello-pig-azkaban/src/main/avro/EndorsementsEndorseEvent.avsc",
            " M hello-pig-azkaban/src/main/avro/MemberAccount.avsc",
            " M hello-pig-azkaban/src/main/avro/Profile.avsc",
            " M hello-pig-azkaban/src/main/avro/job/CountByCountryJob.avsc",
            " M hello-pig-azkaban/src/main/avro/job/CountByCountryPythonJob.avsc",
            " M hello-pig-azkaban/src/main/avro/job/MemberEventCountJob.avsc",
            " M hello-pig-azkaban/src/main/avro/job/PostalCodeJob.avsc",
            " M hello-pig-azkaban/src/main/avro/test/BadSchema.avsc",
            " M hello-pig-azkaban/src/main/bash/schemas.txt",
            " M hello-pig-azkaban/src/main/gradle/workflows.gradle",
            " M hello-pig-azkaban/src/main/pig/count_by_country.pig",
            " M hello-pig-azkaban/src/main/pig/count_by_country_python.pig",
            " M hello-pig-azkaban/src/main/pig/member_event_count.pig",
            " M hello-pig-azkaban/src/main/pig/postal_code.pig",
            " M hello-pig-azkaban/src/main/pig/verify_recommendations.pig",
            " M hello-pig-azkaban/src/main/profiles/abain.gradle",
            " M hello-pig-azkaban/src/main/python/capitalize.py",
            " M hello-pig-azkaban/src/test/java/com/linkedin/hello/pig/MemberEventCountPigTests.java",
            " M hello-pig-azkaban/src/test/java/com/linkedin/hello/pig/TestCountByCountry.java",
            " M hello-pig-azkaban/src/test/java/com/linkedin/hello/pig/TestCountByCountryPython.java",
            " M hello-pig-azkaban/src/test/java/com/linkedin/hello/pig/TestMemberEventCount.java",
            " M hello-pig-azkaban/src/test/java/com/linkedin/hello/pig/TestPostalCode.java",
            " M hello-pig-azkaban/src/test/java/com/linkedin/hello/pig/VerifyRecommendationsPigTests.java",
            " M hello-pig-azkaban/src/test/java/com/linkedin/hello/pig/helper/Constants.java",
            " M hello-pig-azkaban/src/test/java/com/linkedin/hello/pig/helper/SeedData.java",
            " M hello-pig-datamock/.crt",
            " M hello-pig-datamock/.gitignore",
            " M hello-pig-datamock/README.md",
            " M hello-pig-datamock/build.gradle",
            " M hello-pig-datamock/src/main/gradle/workflows.gradle",
            " M hello-pig-datamock/src/main/pig/count_by_country.pig",
            " M hello-pig-datamock/src/main/pig/count_by_country_python.pig",
            " M hello-pig-datamock/src/main/pig/member_event_count.pig",
            " M hello-pig-datamock/src/main/pig/postal_code.pig",
            " M hello-pig-datamock/src/main/pig/verify_recommendations.pig",
            " M hello-pig-datamock/src/main/profiles/abain.gradle",
            " M hello-pig-datamock/src/main/python/capitalize.py",
            " M hello-pig-datamock/src/test/generated/java/com/linkedin/hello/pig/generated/TestCountByCountry.java",
            " M hello-pig-datamock/src/test/generated/java/com/linkedin/hello/pig/generated/TestCountByCountryPython.java",
            " M hello-pig-datamock/src/test/generated/java/com/linkedin/hello/pig/generated/TestMemberEventCount.java",
            " M hello-pig-datamock/src/test/generated/java/com/linkedin/hello/pig/generated/avro/count_by_country/Total.java",
            " M hello-pig-datamock/src/test/generated/java/com/linkedin/hello/pig/generated/avro/count_by_country_python/Total.java",
            " M hello-pig-datamock/src/test/generated/java/com/linkedin/hello/pig/generated/avro/member_event_count/Events.java",
            " M hello-pig-datamock/src/test/java/com/linkedin/hellp/pig/ModifiedTestCountPython.java",
            " M hello-pig-datamock/src/test/java/com/linkedin/hellp/pig/MyTestCountPython.java",
            " M hello-pig-udf/.gitignore",
            " M hello-pig-udf/build.gradle",
            " M hello-pig-udf/src/main/java/com/linkedin/hello/pig/udf/Capitalize.java",
            " M hello-scalding-azkaban/.crt",
            " M hello-scalding-azkaban/.gitignore",
            " M hello-scalding-azkaban/README.md",
            " M hello-scalding-azkaban/build.gradle",
            " M hello-scalding-azkaban/gradle.properties",
            " M hello-scalding-azkaban/src/main/avro/InMailSendEvent.avsc",
            " M hello-scalding-azkaban/src/main/avro/Profile.avsc",
            " M hello-scalding-azkaban/src/main/gradle/workflows.gradle",
            " M hello-scalding-azkaban/src/main/profiles/abain.gradle",
            " M hello-scalding-azkaban/src/main/scala/com/linkedin/hello/lib/Computations.scala",
            " M hello-scalding-azkaban/src/main/scala/com/linkedin/hello/mapreduce/MemberCountJob.scala",
            " M hello-scalding-azkaban/src/main/scala/com/linkedin/hello/mapreduce/TopInMailersJob.scala",
            " M hello-scalding-azkaban/src/test/scala/com/linkedin/hello/lib/tests/TestComputations.scala",
            " M hello-spark-azkaban/.gitignore",
            " M hello-spark-azkaban/README.md",
            " M hello-spark-azkaban/build.gradle",
            " M hello-spark-azkaban/src/main/gradle/workflows.gradle",
            " M hello-spark-azkaban/src/main/profiles/fli.gradle",
            " M hello-spark-azkaban/src/main/resources/schema/CountryCount.avsc",
            " M hello-spark-azkaban/src/main/resources/schema/PageViewCount.avsc",
            " M hello-spark-azkaban/src/main/resources/schema/PageViewEvent.avsc",
            " M hello-spark-azkaban/src/main/resources/schema/profile_flattened_ei.avsc",
            " M hello-spark-azkaban/src/main/scala/com/linkedin/hello/spark/AssertNonNegativeCount.scala",
            " M hello-spark-azkaban/src/main/scala/com/linkedin/hello/spark/CountByCountry.scala",
            " M hello-spark-azkaban/src/main/scala/com/linkedin/hello/spark/CountByCountryDataset.scala",
            " M hello-spark-azkaban/src/main/scala/com/linkedin/hello/spark/CountPageView.scala",
            " M hello-spark-azkaban/src/test/scala/com/linkedin/hello/spark/DaliSparkLocalTest.scala",
            " M hello-utility/.gitignore",
            " M hello-utility/build.gradle",
            " M hello-utility/src/main/java/com/linkedin/hello/utility/event/DailyTrackingWriter.java",
            " M hello-utility/src/main/java/com/linkedin/hello/utility/event/EventWriter.java",
            " M ligradle/checkstyle/linkedin-checkstyle.xml",
            " M ligradle/checkstyle/suppressions.xml",
            " M ligradle/findbugs/findbugsExclude.xml",
            " M product-spec.json",
            " M scalastyle-config.xml",
            " M settings.gradle",
            "?? hello-pig-azkaban/src/main/pig/daily_page_track.pig",
            "?? hello-pig-azkaban/src/main/profiles/dukumar.gradle",
            "?? product-spec.json_back"
        ],
        "isGitRepo": true,
        "gitRepo": ".git",
        "commitHash": "3aaed01321603caaa197a6429023862f2036b622",
        "gitBranch": "* master",
        "gitRemote": [
            "origin\tssh://git@gitli.corp.linkedin.com/hadoop-dev/hadoop-starter-kit.git (fetch)",
            "origin\tssh://git@gitli.corp.linkedin.com/hadoop-dev/hadoop-starter-kit.git (push)"
        ]
    },
    "scmType": "GIT"
}